{"010101020101020101_CRIT": {"UP": 0.0, "DOWN": 5.0, "LEFT": 0.0, "RIGHT": 0.0, "STAY": 0.0}, "011101010101010101_LOW": {"UP": -0.5906512, "DOWN": -0.42562900000000004, "LEFT": -0.485821, "RIGHT": -0.46855900000000006, "STAY": -0.47204290000000004}, "010111020101010101_LOW": {"UP": -0.19, "DOWN": -0.1, "LEFT": -0.271, "RIGHT": -0.1, "STAY": -0.1}, "101010010111020101_LOW": {"UP": -0.1, "DOWN": 0.0, "LEFT": -0.1, "RIGHT": -0.1, "STAY": 0.0}, "101010000010000000_LOW": {"UP": -0.37720000000000004, "DOWN": -0.36991, "LEFT": -0.384409, "RIGHT": -0.4355200000000001, "STAY": -0.5295610000000001}, "101010000000000000_LOW": {"UP": -1.9365221149754401, "DOWN": -1.6990622186251911, "LEFT": -1.5793247029887783, "RIGHT": -1.7548956474322073, "STAY": -1.9492009084778616}, "000000000000000000_LOW": {"UP": -5.29184486874001, "DOWN": -5.275628794696458, "LEFT": -4.835230753503844, "RIGHT": -5.274771721901516, "STAY": -5.258301972063199}, "101010000000000000_CRIT": {"UP": -2.092959005081628, "DOWN": -2.190258467105286, "LEFT": -1.734300608114023, "RIGHT": -2.2067214770877372, "STAY": -2.083387846985418}, "000000000000000000_CRIT": {"UP": -2.3946016227382736, "DOWN": -2.4518841946894394, "LEFT": -2.372470221802315, "RIGHT": -2.4278208351415986, "STAY": -2.3449376506487405}, "101010100000100000_CRIT": {"UP": -0.38368, "DOWN": -0.38521900000000003, "LEFT": -0.2881, "RIGHT": -0.36910000000000004, "STAY": -0.44669710000000007}, "100000100000100000_CRIT": {"UP": -1.2760218439480084, "DOWN": -1.092053717396053, "LEFT": -1.3326469973391084, "RIGHT": -10.872897251116504, "STAY": -1.248136745691816}, "DEATH": {"UP": 0.0, "DOWN": 0.0, "LEFT": 0.0, "RIGHT": 0.0, "STAY": 0.0}, "000000000000000001_CRIT": {"UP": 0.0, "DOWN": 3.7383656736499997, "LEFT": 0.5757178985, "RIGHT": 0.976113955168235, "STAY": 0.801982676015}, "010112010102010102_LOW": {"UP": -0.1, "DOWN": -0.19, "LEFT": -0.36100000000000004, "RIGHT": -0.1, "STAY": -0.36829}, "000101010101010101_LOW": {"UP": -1.0337462289454935, "DOWN": -0.967658429478826, "LEFT": -1.1891821344723597, "RIGHT": -1.1344268499493888, "STAY": -0.9547379379512372}, "010201010101010101_LOW": {"UP": -0.1, "DOWN": 0.0, "LEFT": 0.0, "RIGHT": -0.19, "STAY": 0.0}, "020111010101010100_LOW": {"UP": 0.0, "DOWN": -0.1, "LEFT": -0.19, "RIGHT": 0.0, "STAY": -0.1}, "020111010101010100_CRIT": {"UP": -0.19, "DOWN": -0.19, "LEFT": -0.19, "RIGHT": 0.0, "STAY": -0.1}, "010201010101010101_CRIT": {"UP": -0.45585100000000006, "DOWN": -0.44046100000000005, "LEFT": -0.48136681000000003, "RIGHT": -0.2807139860035141, "STAY": -0.4493710000000001}, "010102010101000101_CRIT": {"UP": -0.5070349, "DOWN": -0.29701, "LEFT": -0.199, "RIGHT": -0.199, "STAY": -0.28}, "010101000101000001_CRIT": {"UP": -0.6573321082899999, "DOWN": -0.553609981, "LEFT": -0.6597006292900001, "RIGHT": -0.71271363151, "STAY": -0.6629818510000001}, "010112010101000101_CRIT": {"UP": -0.199, "DOWN": -0.34390000000000004, "LEFT": -0.2791, "RIGHT": -0.2881, "STAY": -0.199}, "021202010101010101_CRIT": {"UP": -0.54041581, "DOWN": -0.41761000000000004, "LEFT": -0.5410895509, "RIGHT": -0.6583919058100001, "STAY": -0.5866327900000001}, "010212010101010101_CRIT": {"UP": -0.271, "DOWN": -0.36181, "LEFT": -0.1, "RIGHT": -0.19, "STAY": 0.0}, "120201010111010101_CRIT": {"UP": -0.29701, "DOWN": -0.36181, "LEFT": -0.29701, "RIGHT": -0.47342799999999996, "STAY": -0.50202739}, "120202010111010101_CRIT": {"UP": -0.271, "DOWN": -0.271, "LEFT": -0.19, "RIGHT": -0.19, "STAY": -0.11791000000000001}, "011202010101010101_CRIT": {"UP": -0.271, "DOWN": -0.19, "LEFT": -0.199, "RIGHT": -0.19, "STAY": -0.199}, "010111010101000101_CRIT": {"UP": -0.35290000000000005, "DOWN": -0.19, "LEFT": -0.5861365759, "RIGHT": -0.2962, "STAY": -0.2881}, "010101010001000000_CRIT": {"UP": -0.19, "DOWN": -0.35200000000000004, "LEFT": -0.28, "RIGHT": -0.1, "STAY": -0.199}, "010101010100010000_CRIT": {"UP": -0.4573900000000001, "DOWN": -0.37873090000000004, "LEFT": -0.29701, "RIGHT": -0.199, "STAY": -0.42742}, "010101010101010100_CRIT": {"UP": -0.9057129962299472, "DOWN": -0.883249151062771, "LEFT": -0.8422833898513901, "RIGHT": -0.8491894476580001, "STAY": -1.0609977705481606}, "010101010101010101_CRIT": {"UP": -1.9107886910729979, "DOWN": -11.841900047407819, "LEFT": -1.923666770168989, "RIGHT": -2.030930561536133, "STAY": -1.9972285040690714}, "010101010101000101_CRIT": {"UP": -0.199, "DOWN": -0.19, "LEFT": -0.28, "RIGHT": -0.1, "STAY": -0.2761034750326212}, "010100010000010000_CRIT": {"UP": -1.0273182179276934, "DOWN": -0.9785810568737145, "LEFT": -1.0142522773895764, "RIGHT": -0.8769898008388001, "STAY": -0.9519717836831927}, "010101010100010100_CRIT": {"UP": -0.19, "DOWN": -0.199, "LEFT": -0.1, "RIGHT": -0.2881, "STAY": -0.199}, "010000000000000010_CRIT": {"UP": -0.19, "DOWN": 0.0, "LEFT": -0.19, "RIGHT": -10.171000000000001, "STAY": -0.271}, "010101010101010101_LOW": {"UP": -2.594269827669999, "DOWN": -2.6051024256517334, "LEFT": -2.939286025976588, "RIGHT": -2.5859902906739074, "STAY": -2.4195234686152034}, "020202020202010102_LOW": {"UP": -0.271, "DOWN": -0.2791, "LEFT": -0.199, "RIGHT": -0.1, "STAY": -0.1}, "020202010202010101_LOW": {"UP": -0.45463591000000003, "DOWN": -0.47342800000000007, "LEFT": -0.4573900000000001, "RIGHT": -0.3940399, "STAY": -0.29701}, "020202020202010101_LOW": {"UP": -1.0380273673834748, "DOWN": -0.9503520487848388, "LEFT": -1.1442124449828261, "RIGHT": -1.021901073426909, "STAY": -0.9261703714820851}, "010202010202010101_LOW": {"UP": -0.199, "DOWN": -0.199, "LEFT": -0.199, "RIGHT": -0.5383819000000001, "STAY": -0.29701}, "020202020202020202_LOW": {"UP": -0.2791, "DOWN": -0.199, "LEFT": -0.1, "RIGHT": -0.36100000000000004, "STAY": -0.48565900000000006}, "020101010101010101_LOW": {"UP": -0.1, "DOWN": -0.3028414588778964, "LEFT": 0.0, "RIGHT": 0.0, "STAY": -0.1}, "000000000000010000_LOW": {"UP": -0.5765531419000001, "DOWN": -0.7293116583100001, "LEFT": -0.559961029, "RIGHT": -0.6665720302000001, "STAY": -0.551140129}, "000001010101010101_LOW": {"UP": -1.557173237038073, "DOWN": -1.6726524143369323, "LEFT": -1.7228166035518655, "RIGHT": -1.6683592272644385, "STAY": -1.673010156317066}, "010101010101020202_LOW": {"UP": -0.37639, "DOWN": -0.2881, "LEFT": -0.455851, "RIGHT": -0.46241200000000005, "STAY": -0.4775734327166051}, "000100010101010101_LOW": {"UP": -0.8575604124987244, "DOWN": -0.8121053831410001, "LEFT": -0.6394213000000001, "RIGHT": -0.6500945890000001, "STAY": -0.5832598609}, "000000000100010101_LOW": {"UP": -0.8802504091180001, "DOWN": -0.854705097232471, "LEFT": -0.7487664309109001, "RIGHT": -0.8746289652539877, "STAY": -0.748595887291}, "000000000000000100_LOW": {"UP": -0.7232761353610001, "DOWN": -0.8087703540139, "LEFT": -0.6183321319000001, "RIGHT": -0.9053859091411, "STAY": -0.66382303681}, "000001000101000001_CRIT": {"UP": -0.6630067828000001, "DOWN": -0.7667335536490001, "LEFT": -0.9524394255737801, "RIGHT": -0.9128770018309001, "STAY": -0.925531838022143}, "000001000001000101_CRIT": {"UP": -0.5968404100000001, "DOWN": -0.6679367838100001, "LEFT": -0.7553381778361901, "RIGHT": 4.32853253466971, "STAY": -0.6793465209301001}, "000101000101010101_CRIT": {"UP": -0.48930562, "DOWN": -0.5701095100000001, "LEFT": -0.48136681000000003, "RIGHT": -0.6581718361, "STAY": -0.6268752100000001}, "010102010102010102_CRIT": {"UP": -0.19, "DOWN": -0.1, "LEFT": 0.0, "RIGHT": -0.2071, "STAY": 0.0}, "000101010101000101_CRIT": {"UP": -0.770101577479, "DOWN": -0.7155609031000001, "LEFT": -0.48858391, "RIGHT": -0.60325561, "STAY": -0.48136681000000003}, "000101000001000000_CRIT": {"UP": -0.63331228, "DOWN": -0.9221207146138, "LEFT": -0.580818448, "RIGHT": -0.539003809, "STAY": -0.5447971}, "000001000000000000_CRIT": {"UP": -0.5304358, "DOWN": -0.4727719, "LEFT": -0.46621090000000004, "RIGHT": -0.6885697510000001, "STAY": -0.367309}, "000001000000000100_CRIT": {"UP": -0.271, "DOWN": -0.199, "LEFT": -0.19, "RIGHT": -0.199, "STAY": -0.1}, "000000000100010101_CRIT": {"UP": -0.43390000000000006, "DOWN": -0.367309, "LEFT": -0.199,