{"000000000000000000_CRIT": {"UP": 0.09822164201460186, "DOWN": 0.28304000000000007, "LEFT": 0.3687821942033601, "RIGHT": 2.9505235029871315, "STAY": 0.7979985105632003}, "010101010101010101_OK": {"UP": -0.19, "DOWN": -0.271, "LEFT": -0.36100000000000004, "RIGHT": -0.36100000000000004, "STAY": -0.46855900000000006}, "010100010101010100_OK": {"UP": 0.0, "DOWN": -0.1, "LEFT": 0.0, "RIGHT": 0.0, "STAY": 0.0}, "010101010101010100_OK": {"UP": -0.1, "DOWN": 0.0, "LEFT": -0.1, "RIGHT": -0.1, "STAY": 0.0}, "010101010100010000_OK": {"UP": -0.1, "DOWN": -0.19, "LEFT": -0.1, "RIGHT": -0.1, "STAY": -0.271}, "010101010001000001_OK": {"UP": -0.1, "DOWN": -0.1, "LEFT": -0.1, "RIGHT": 0.0, "STAY": -0.1}, "000000000000010000_OK": {"UP": -0.36019, "DOWN": -0.19, "LEFT": -0.2962, "RIGHT": -0.28, "STAY": 0.47073563558000003}, "000000010000010100_OK": {"UP": -0.199, "DOWN": -0.19, "LEFT": -0.28, "RIGHT": -0.2071, "STAY": -0.271}, "010000010100010101_OK": {"UP": -0.1, "DOWN": 0.0, "LEFT": 0.0, "RIGHT": 0.0, "STAY": -0.1}, "000000000100010101_OK": {"UP": 0.0, "DOWN": 0.0, "LEFT": -0.19, "RIGHT": -0.1, "STAY": -0.34390000000000004}, "000100010101010101_OK": {"UP": -0.1, "DOWN": -0.1, "LEFT": -0.1, "RIGHT": 0.0, "STAY": 0.0}, "000001000101010101_OK": {"UP": -0.19, "DOWN": -0.19, "LEFT": -0.19, "RIGHT": -0.271, "STAY": -0.1}, "000101010101010101_OK": {"UP": -0.1, "DOWN": -0.19, "LEFT": -0.19, "RIGHT": -0.199, "STAY": -0.34390000000000004}, "000000000001000101_OK": {"UP": -0.19, "DOWN": -0.271, "LEFT": 0.0, "RIGHT": -0.1, "STAY": -0.19}, "000001010101010101_OK": {"UP": -0.199, "DOWN": 0.0, "LEFT": 0.0, "RIGHT": -0.19, "STAY": -0.19}, "010101010101020202_OK": {"UP": -0.1, "DOWN": 0.0, "LEFT": 0.0, "RIGHT": -0.19, "STAY": -0.19}, "010101010102020202_OK": {"UP": 0.0, "DOWN": -0.1, "LEFT": 0.0, "RIGHT": 0.0, "STAY": 0.0}, "010101010201020202_OK": {"UP": 0.0, "DOWN": -0.1, "LEFT": 0.0, "RIGHT": 0.0, "STAY": 0.0}, "000000000000000000_LOW": {"UP": 7.609172541044022, "DOWN": 1.3768581094058279, "LEFT": 1.859688861808362, "RIGHT": 2.9115808873354725, "STAY": 4.625026939389639}, "000000000000010000_LOW": {"UP": -0.1, "DOWN": 0.0, "LEFT": -0.10900000000000001, "RIGHT": 1.3661680219999999, "STAY": -0.19}, "000000000000000001_LOW": {"UP": -0.19, "DOWN": -0.1, "LEFT": -0.271, "RIGHT": -0.27829000000000004, "STAY": -0.19}, "000001000001000111_LOW": {"UP": -0.1, "DOWN": -0.1, "LEFT": -0.1, "RIGHT": 0.0, "STAY": -0.1}, "000001000001000001_LOW": {"UP": 0.0, "DOWN": -0.19, "LEFT": 0.0, "RIGHT": 0.0, "STAY": 0.0}, "000001000111010101_LOW": {"UP": 0.0, "DOWN": 0.0, "LEFT": 0.0, "RIGHT": -0.1, "STAY": 0.0}, "000111010101010101_LOW": {"UP": 0.0, "DOWN": 0.0, "LEFT": 0.0, "RIGHT": 0.0, "STAY": -0.1}, "011101010101010102_LOW": {"UP": 0.0, "DOWN": -0.1, "LEFT": -0.1, "RIGHT": -0.1, "STAY": 0.0}, "010101010102010101_LOW": {"UP": 0.0, "DOWN": 0.0, "LEFT": 4.991, "RIGHT": 0.0, "STAY": 0.0}, "001000000000000000_LOW": {"UP": 0.0, "DOWN": -0.1, "LEFT": 0.6393500000000001, "RIGHT": 0.0, "STAY": 4.85}, "000010000000000000_LOW": {"UP": 0.0, "DOWN": 0.6716673800000001, "LEFT": 0.0, "RIGHT": 0.666500642, "STAY": 0.0}, "010000000000000000_LOW": {"UP": 0.0, "DOWN": -0.1, "LEFT": 0.0, "RIGHT": 0.0, "STAY": 0.0}, "010100010000000000_LOW": {"UP": 0.0, "DOWN": -0.1, "LEFT": 0.0, "RIGHT": 5.0, "STAY": 0.0}, "010000000000000000_CRIT": {"UP": -0.19, "DOWN": 0.0, "LEFT": -0.1, "RIGHT": -0.1, "STAY": 0.0}, "000000000000101010_CRIT": {"UP": -0.1, "DOWN": 0.0, "LEFT": 0.0, "RIGHT": 0.0, "STAY": -0.1}, "010000000000101010_CRIT": {"UP": 0.0, "DOWN": 0.0, "LEFT": 0.0, "RIGHT": -0.1, "STAY": 0.0}, "010100010000000000_CRIT": {"UP": -0.1, "DOWN": 0.0, "LEFT": -0.34390000000000004, "RIGHT": 0.0, "STAY": -0.271}, "010000010100010000_CRIT": {"UP": 0.0, "DOWN": 0.0, "LEFT": -0.1, "RIGHT": -0.1, "STAY": 0.0}, "010100010101010100_CRIT": {"UP": -0.1, "DOWN": 0.0, "LEFT": -0.1, "RIGHT": 0.0, "STAY": -0.1}, "010101010101010101_CRIT": {"UP": -0.1, "DOWN": -0.1, "LEFT": 0.0, "RIGHT": -0.1, "STAY": 0.0}, "010100010101010101_CRIT": {"UP": -0.1, "DOWN": 0.0, "LEFT": -0.1, "RIGHT": 0.0, "STAY": 0.0}, "010000010100010101_CRIT": {"UP": 5.0, "DOWN": 0.0, "LEFT": -0.1, "RIGHT": 0.0, "STAY": 0.0}, "010101020101020101_CRIT": {"UP": 0.0, "DOWN": -10.090000000000002, "LEFT": 0.0, "RIGHT": 0.0, "STAY": 0.0}, "DEATH": {"UP": 0.0, "DOWN": 0.0, "LEFT": 0.0, "RIGHT": 0.0, "STAY": 0.0}, "100000000000000000_CRIT": {"UP": 0.0, "DOWN": 0.24193918606400008, "LEFT": 0.0, "RIGHT": 5.0, "STAY": 0.0}, "000000000000000001_OK": {"UP": 0.0, "DOWN": 0.0, "LEFT": 0.0, "RIGHT": 0.0, "STAY": -0.1}, "000000010000010101_OK": {"UP": -0.199, "DOWN": 0.0, "LEFT": 0.0, "RIGHT": -0.1, "STAY": 0.0}, "000000000000000000_OK": {"UP": -0.199, "DOWN": -0.28, "LEFT": -0.271, "RIGHT": -0.19, "STAY": -0.19}, "001000000000000000_OK": {"UP": -0.1, "DOWN": -0.1, "LEFT": -0.19, "RIGHT": 0.0, "STAY": -0.1}, "000000000000010001_OK": {"UP": -0.271, "DOWN": 0.0, "LEFT": 0.0, "RIGHT": -0.1, "STAY": 0.0}, "000010100000000000_OK": {"UP": 0.0, "DOWN": -0.19, "LEFT": 0.0, "RIGHT": -0.1, "STAY": 0.0}, "100000000000000000_OK": {"UP": 0.0, "DOWN": -0.1, "LEFT": 0.0, "RIGHT": 0.0, "STAY": 0.0}, "000000000101010101_OK": {"UP": 0.0, "DOWN": 0.0, "LEFT": 0.0, "RIGHT": -0.1, "STAY": 0.0}, "000000000000000101_OK": {"UP": -0.1, "DOWN": 0.0, "LEFT": 0.0, "RIGHT": 0.0, "STAY": 0.0}, "000000000001010101_OK": {"UP": 0.0, "DOWN": 0.0, "LEFT": -0.1, "RIGHT": -0.1, "STAY": -0.1}, "100000000000000001_OK": {"UP": -0.1, "DOWN": -0.1, "LEFT": -0.1, "RIGHT": -0.1, "STAY": 0.0}, "000010000001000101_OK": {"UP": 0.0, "DOWN": 0.0, "LEFT": 0.0, "RIGHT": -0.10900000000000001, "STAY": -0.1}, "010000010100010101_LOW": {"UP": 0.0, "DOWN": 0.0, "LEFT": -0.19, "RIGHT": -0.1, "STAY": 0.0}, "101000010000010100_LOW": {"UP": -0.1, "DOWN": 0.0, "LEFT": -0.1, "RIGHT": -0.1, "STAY": 0.0}, "001010000100010101_LOW": {"UP": 0.0, "DOWN": -0.1, "LEFT": 0.0, "RIGHT": 0.0, "STAY": 0.0}, "000100010101010101_LOW": {"UP": -0.1, "DOWN": 0.0, "LEFT": 0.0, "RIGHT": 0.0, "STAY": 0.0}, "101000000000010000_LOW": {"UP": 0.0, "DOWN": 0.0, "LEFT": -0.1, "RIGHT": -0.19, "STAY": 0.0}, "001010000000000100_LOW": {"UP": 0.0, "DOWN": -0.1, "LEFT": 0.0, "RIGHT": 0.0, "STAY": 0.0}, "000000010000010100_LOW": {"UP": -0.1, "DOWN": 0.0, "LEFT": -0.1, "RIGHT": -0.19, "STAY": -0.039549935800000005}, "000100000000000000_LOW": {"UP": 0.0, "DOWN": 0.0, "LEFT": 0.0, "RIGHT": 0.0, "STAY": -0.1}, "000001000000000000_LOW": {"UP": 0.0, "DOWN": 0.26, "LEFT": 0.0, "RIGHT": -0.1, "STAY": -0.1}, "000000000000000001_CRIT": {"UP": -8.875947649701288, "DOWN": 0.0, "LEFT": -0.17769292592881603, "RIGHT": 0.0, "STAY": 0.15193918606400006}, "000000000001000101_CRIT": {"UP": -0.1, "DOWN": -0.1, "LEFT": -0.1, "RIGHT": -0.1, "STAY": 0.12500000000000006}, "000001000101010101_CRIT": {"UP": -0.1, "DOWN": 0.0, "LEFT": 0.0, "RIGHT": 0.0, "STAY": -0.1}, "000101010101010102_CRIT": {"UP": 0.0, "DOWN": 0.0, "LEFT": -0.1, "RIGHT": 0.0, "STAY": 0.0}, "000001000000000000_CRIT": {"UP": -0.1, "DOWN": 0.0, "LEFT": 0.0, "RIGHT": 0.0, "STAY": 0.0}, "000100000000000000_CRIT": {"UP": -0.1, "DOWN": 0.0, "LEFT": 0.0, "RIGHT": 0.0, "STAY": 0.0}, "010101000100000000_CRIT": {"UP": 0.0, "DOWN": -0.1, "LEFT": 0.0, "RIGHT": 0.0, "STAY": 0.0}, "110101010101000100_CRIT": {"UP": 0.0, "DOWN": 0.0, "LEFT": -10.0, "RIGHT": 0.0, "STAY": -0.1}, "010101020201020202_OK": {"UP": -0.1, "DOWN": 0.0, "LEFT": -0.1, "RIGHT": -0.1, "STAY": 0.0}, "110101010101020201_OK": {"UP": 0.0, "DOWN": 0.0, "LEFT": -0.19, "RIGHT": -0.1, "STAY": -0.1}, "011101010101020202_OK": {"UP": -0.1, "DOWN": -0.19, "LEFT": 0.0, "RIGHT": -0.1, "STAY": -0.19}, "010101010101020101_OK": {"UP": -0.1, "DOWN": 0.0, "LEFT": -0.271, "RIGHT": 0.0, "STAY": -0.1}, "020201110101010101_OK": {"UP": -0.19, "DOWN": 0.0, "LEFT": -0.1, "RIGHT": -0.1, "STAY": 0.0}, "020101010101010101_OK": {"UP": -0.1, "DOWN": 0.0, "LEFT": -0.19, "RIGHT": 0.0, "STAY": -0.1}, "020202020201110101_OK": {"UP": 0.0, "DOWN": 0.0, "LEFT": 0.0, "RIGHT": -0.1, "STAY": 0.0},