{"010000000000000000_CRIT": {"UP": 5.0, "DOWN": 0.0, "LEFT": 0.0, "RIGHT": 0.0, "STAY": 0.0}, "010101010101000101_LOW": {"UP": -0.35290000000000005, "DOWN": -0.1, "LEFT": -0.46855900000000006, "RIGHT": 0.0, "STAY": -0.19}, "010101000101000001_LOW": {"UP": -0.1, "DOWN": 0.0, "LEFT": -0.19, "RIGHT": -0.271, "STAY": -0.1}, "010101010101010101_LOW": {"UP": -0.19, "DOWN": -0.19, "LEFT": -0.271, "RIGHT": -0.19, "STAY": -0.233185888}, "010101000101000101_LOW": {"UP": -0.19, "DOWN": 0.0, "LEFT": 0.0, "RIGHT": 0.0, "STAY": -0.1}, "010102010101010101_LOW": {"UP": -0.19, "DOWN": 0.0, "LEFT": 0.0, "RIGHT": 0.0, "STAY": 0.0}, "000101010101000101_LOW": {"UP": -0.1, "DOWN": 0.0, "LEFT": -0.19, "RIGHT": -0.271, "STAY": -0.1}, "010101010102010101_LOW": {"UP": -0.1, "DOWN": 0.0, "LEFT": 0.0, "RIGHT": -0.1, "STAY": 0.0}, "010201010101010101_LOW": {"UP": 0.0, "DOWN": 0.0, "LEFT": 0.0, "RIGHT": 5.0, "STAY": 0.0}, "000000000000000000_LOW": {"UP": -1.3541942152761346, "DOWN": -1.37446875472069, "LEFT": -1.3156073736691987, "RIGHT": -1.4694569385465848, "STAY": -1.123370645721366}, "000000000000000100_LOW": {"UP": 0.0, "DOWN": 0.0, "LEFT": -0.19, "RIGHT": -0.1, "STAY": 0.0}, "000000000000000001_LOW": {"UP": -0.36490248999999997, "DOWN": -0.409390261831, "LEFT": -0.1, "RIGHT": -0.1, "STAY": -0.34390000000000004}, "000000000001010101_LOW": {"UP": 0.0, "DOWN": -0.1, "LEFT": 0.0, "RIGHT": -0.1, "STAY": -0.1}, "000001010101010111_LOW": {"UP": -0.1, "DOWN": 0.0, "LEFT": 0.0, "RIGHT": 0.0, "STAY": 0.0}, "000101010101011101_LOW": {"UP": 0.0, "DOWN": 0.0, "LEFT": 0.0, "RIGHT": -0.1, "STAY": 0.0}, "000001000101010101_CRIT": {"UP": -0.1, "DOWN": 0.0, "LEFT": 0.0, "RIGHT": -0.271, "STAY": 0.0}, "000101010101010101_CRIT": {"UP": -0.1, "DOWN": 0.0, "LEFT": -0.143185888, "RIGHT": -0.1, "STAY": -0.1}, "010101010101010101_CRIT": {"UP": -0.66929432032, "DOWN": -0.6435684334899999, "LEFT": -0.726904228141, "RIGHT": -0.6621661, "STAY": -0.68777309809}, "010100010101010101_CRIT": {"UP": 0.0, "DOWN": 0.0, "LEFT": -0.22314610000000001, "RIGHT": 0.0, "STAY": 0.0}, "010101010100010100_CRIT": {"UP": 0.0, "DOWN": 0.0, "LEFT": -0.19, "RIGHT": 0.0, "STAY": 0.0}, "010100010101010100_CRIT": {"UP": 0.0, "DOWN": -0.10900000000000001, "LEFT": 0.0, "RIGHT": 0.0, "STAY": 0.0}, "010101010101010100_CRIT": {"UP": 0.0, "DOWN": 0.0, "LEFT": 0.0, "RIGHT": 0.0, "STAY": -0.10900000000000001}, "010101010101110101_CRIT": {"UP": 0.0, "DOWN": 0.0, "LEFT": -0.1, "RIGHT": -0.271, "STAY": 0.0}, "000101010101011101_CRIT": {"UP": 0.0, "DOWN": -0.1, "LEFT": 0.0, "RIGHT": 0.0, "STAY": 0.0}, "010101110101010101_CRIT": {"UP": 5.0, "DOWN": 0.0, "LEFT": 0.0, "RIGHT": 0.0, "STAY": 0.0}, "000000000000000000_CRIT": {"UP": -1.4942257716855218, "DOWN": 4.275396993785449, "LEFT": 2.6931031691946825, "RIGHT": -5.693597636031433, "STAY": 4.423493880910983}, "DEATH": {"UP": 0.0, "DOWN": 0.0, "LEFT": 0.0, "RIGHT": 0.0, "STAY": 0.0}, "010000000000000010_CRIT": {"UP": 0.0, "DOWN": 0.0, "LEFT": 0.0, "RIGHT": 5.0, "STAY": 0.0}, "000000000000010000_OK": {"UP": -0.271, "DOWN": -0.1, "LEFT": 0.0, "RIGHT": -0.1, "STAY": 0.0}, "000000000000000000_OK": {"UP": -0.271, "DOWN": -0.1, "LEFT": -0.271, "RIGHT": -0.271, "STAY": -0.271}, "010000000000000000_LOW": {"UP": -0.1, "DOWN": 0.0, "LEFT": -0.271, "RIGHT": 0.0, "STAY": -0.19}, "010110010000000000_LOW": {"UP": -0.1, "DOWN": 0.0, "LEFT": -0.1, "RIGHT": -0.1, "STAY": -0.1}, "011000000000000000_LOW": {"UP": 0.0, "DOWN": -0.1, "LEFT": 0.0, "RIGHT": 0.0, "STAY": 0.0}, "010100010000000000_LOW": {"UP": -0.1, "DOWN": 0.0, "LEFT": -0.1, "RIGHT": 0.0, "STAY": -0.19}, "010101000100000000_LOW": {"UP": 0.0, "DOWN": 0.0, "LEFT": 0.0, "RIGHT": 0.0, "STAY": -0.1}, "010101010101000100_LOW": {"UP": -0.1, "DOWN": 0.0, "LEFT": -0.1, "RIGHT": 0.0, "STAY": 0.0}, "010100010100010000_LOW": {"UP": -0.1, "DOWN": 0.0, "LEFT": 0.0, "RIGHT": -0.1, "STAY": 0.0}, "020201020101010100_LOW": {"UP": 0.0, "DOWN": 0.0, "LEFT": -0.1, "RIGHT": 0.0, "STAY": 0.0}, "020201020201020101_LOW": {"UP": 0.0, "DOWN": -0.1, "LEFT": 0.0, "RIGHT": -0.19, "STAY": 0.0}, "020101020101010100_LOW": {"UP": -0.1, "DOWN": 0.0, "LEFT": -0.19, "RIGHT": 0.0, "STAY": 0.0}, "020101010100010000_LOW": {"UP": 0.0, "DOWN": 0.0, "LEFT": -0.1, "RIGHT": 0.0, "STAY": 0.0}, "020202120202010201_LOW": {"UP": -0.1, "DOWN": 0.0, "LEFT": 0.0, "RIGHT": 0.0, "STAY": 0.0}, "010101010101010100_LOW": {"UP": 0.0, "DOWN": 0.0, "LEFT": -0.1, "RIGHT": 0.0, "STAY": 0.0}, "000001000101010101_LOW": {"UP": 0.0, "DOWN": -0.1, "LEFT": -0.1, "RIGHT": -0.1, "STAY": 0.0}, "000000000001000101_LOW": {"UP": -0.19, "DOWN": 0.0, "LEFT": 0.0, "RIGHT": -0.1, "STAY": 0.0}, "000000000011000101_LOW": {"UP": 0.0, "DOWN": -0.19, "LEFT": -0.1, "RIGHT": 0.0, "STAY": -0.1}, "000011000101010101_LOW": {"UP": 0.0, "DOWN": -0.1, "LEFT": 0.0, "RIGHT": 0.0, "STAY": -0.1}, "000101010101010101_LOW": {"UP": -0.19, "DOWN": 0.0, "LEFT": 0.0, "RIGHT": -0.1, "STAY": 0.0}, "001101010101010101_CRIT": {"UP": 0.0, "DOWN": 0.0, "LEFT": 0.0, "RIGHT": -0.141814639, "STAY": 0.0}, "000101010101000101_CRIT": {"UP": -0.1, "DOWN": 0.0, "LEFT": -0.1, "RIGHT": 0.0, "STAY": -0.19}, "000011000101010101_CRIT": {"UP": -0.1, "DOWN": 0.0, "LEFT": 0.0, "RIGHT": 0.0, "STAY": 0.0}, "000000000011000101_CRIT": {"UP": -0.1, "DOWN": -0.1, "LEFT": 0.0, "RIGHT": 0.0, "STAY": -0.24191785}, "000000000000000011_CRIT": {"UP": 0.323135, "DOWN": -0.19, "LEFT": -0.1, "RIGHT": 0.0, "STAY": -0.07091784999999999}, "000000000000000001_CRIT": {"UP": 0.0, "DOWN": -0.1, "LEFT": 0.0, "RIGHT": 0.0, "STAY": -0.1}, "000000000001000111_CRIT": {"UP": -0.1, "DOWN": 0.0, "LEFT": 0.0, "RIGHT": 0.0, "STAY": 0.0}, "010102010202010212_CRIT": {"UP": -0.1, "DOWN": 0.0, "LEFT": -0.19, "RIGHT": 0.0, "STAY": -10.0}, "010202010212010202_CRIT": {"UP": -0.1, "DOWN": 0.0, "LEFT": 0.0, "RIGHT": 0.0, "STAY": -0.1}, "010101010102010102_CRIT": {"UP": 0.0, "DOWN": 0.0, "LEFT": 0.0, "RIGHT": -0.41774786848, "STAY": -0.1}, "010102010102010102_CRIT": {"UP": -0.1, "DOWN": 0.0, "LEFT": 0.0, "RIGHT": 0.0, "STAY": 0.0}, "010102110101000101_CRIT": {"UP": 0.0, "DOWN": 0.0, "LEFT": 5.0, "RIGHT": 0.0, "STAY": 0.0}, "010101010101020101_LOW": {"UP": 0.0, "DOWN": 0.0, "LEFT": 0.0, "RIGHT": -0.271, "STAY": 0.0}, "010101010100010100_LOW": {"UP": -0.1, "DOWN": 0.0, "LEFT": 0.0, "RIGHT": 0.0, "STAY": 0.0}, "010101010000010000_LOW": {"UP": 0.0, "DOWN": -0.1, "LEFT": 0.0, "RIGHT": -0.1, "STAY": 0.0}, "020101010101010000_LOW": {"UP": -0.1, "DOWN": 0.0, "LEFT": 0.0, "RIGHT": 0.0, "STAY": 0.0}, "010101000000000000_LOW": {"UP": -0.1, "DOWN": -0.1, "LEFT": -0.1, "RIGHT": 0.0, "STAY": -0.1}, "020101010101000000_LOW": {"UP": -0.1, "DOWN": 0.0, "LEFT": 0.0, "RIGHT": 0.0, "STAY": 0.0}, "010201010101000000_LOW": {"UP": -0.1, "DOWN": 0.0, "LEFT": 0.0, "RIGHT": 0.0, "STAY": 0.0}, "020202010201010101_LOW": {"UP": -0.1, "DOWN": 0.0, "LEFT": 0.0, "RIGHT": 0.0, "STAY": 0.0}, "010202020202010201_LOW": {"UP": 0.0, "DOWN": -0.1, "LEFT": 0.0, "RIGHT": -0.1, "STAY": 0.0}, "110212010202020202_LOW": {"UP": -0.1, "DOWN": 0.0, "LEFT": 0.0, "RIGHT": 0.0, "STAY": 0.0}, "021202020202020202_LOW": {"UP": -0.19, "DOWN": -0.1, "LEFT": 0.0, "RIGHT": -0.19, "STAY": -0.1}, "120202020202020202_LOW": {"UP": -0.1, "DOWN": 0.0, "LEFT": 0.0, "RIGHT": -0.1, "STAY": 0.0}, "010101010100010000_LOW": {"UP": 0.0, "DOWN": -0.271, "LEFT": 0.0, "RIGHT": -0.1, "STAY": 0.0}, "010100010010000000_LOW": {"UP": -0.1, "DOWN": 0.0, "LEFT": 0.0, "RIGHT": 0.0, "STAY": -0.1}, "101010010100010010_LOW": {"UP": -0.19, "DOWN": -0.19, "LEFT": -0.1, "RIGHT": 0.0, "STAY": 0.0}, "010010000000000000_CRIT": {"UP": 0.0, "DOWN": 0.0, "LEFT": 0.0, "RIGHT": -0.19, "STAY": 0.0}, "001000000000000000_CRIT": {"UP": -0.15928846054791151, "DOWN": 0.3412393272454276, "LEFT": 0.0, "RIGHT": -0.2184832675369287, "STAY": -0.15928846054791151}, "100000000000000000_CRIT": {"UP": 0.31647076120217243, "DOWN": 0.39240605359015074, "LEFT": 0.0, "RIGHT": 0.0, "STAY": 0.0}, "000000100000000000_CRIT": {"UP": -0.1, "DOWN": -0.1, "LEFT": 0.0, "RIGHT": 0.12639565350819548, "STAY": 0.0},