{"000000100000000010_CRIT": {"UP": 0.0, "DOWN": 0.0, "LEFT": 0.0, "RIGHT": 5.0, "STAY": 0.0}, "010101000101000001_OK": {"UP": -0.19, "DOWN": -0.1, "LEFT": -0.1, "RIGHT": -0.1, "STAY": 0.0}, "000101000001000000_OK": {"UP": 0.0, "DOWN": -0.19, "LEFT": -0.1, "RIGHT": 0.0, "STAY": 0.0}, "000001000000000000_OK": {"UP": -0.1, "DOWN": -0.1, "LEFT": -0.1, "RIGHT": -0.1, "STAY": 0.0}, "000000000000000000_OK": {"UP": -0.6760047061, "DOWN": -0.539003809, "LEFT": -0.51945859, "RIGHT": -0.703246708, "STAY": -0.6501878281}, "000101000000000000_OK": {"UP": -0.1, "DOWN": 0.0, "LEFT": 0.0, "RIGHT": 0.0, "STAY": 0.0}, "000100000000000000_OK": {"UP": 0.0, "DOWN": -0.271, "LEFT": 0.0, "RIGHT": -0.271, "STAY": 0.0}, "010101000100000000_OK": {"UP": 0.0, "DOWN": -0.1, "LEFT": -0.19, "RIGHT": 0.0, "STAY": 0.0}, "010000000000000000_OK": {"UP": -0.1, "DOWN": -0.3878003809, "LEFT": -0.19, "RIGHT": -0.3149003809, "STAY": -0.1}, "010100010000000000_OK": {"UP": 0.0, "DOWN": 0.0, "LEFT": 0.0, "RIGHT": 0.0, "STAY": -0.1}, "000000000000000001_LOW": {"UP": -0.1, "DOWN": -0.1, "LEFT": -0.1, "RIGHT": -0.19, "STAY": -0.1}, "000000000001000101_LOW": {"UP": -0.1, "DOWN": -0.19, "LEFT": -0.1, "RIGHT": -0.1, "STAY": 0.0}, "000001000101101010_LOW": {"UP": 0.0, "DOWN": -0.1, "LEFT": 0.0, "RIGHT": 0.0, "STAY": 0.0}, "000000000001101010_LOW": {"UP": -0.19, "DOWN": -0.1, "LEFT": 0.0, "RIGHT": 0.0, "STAY": 0.0}, "000000000000000000_LOW": {"UP": -0.271, "DOWN": -0.19, "LEFT": -0.19, "RIGHT": -0.1, "STAY": -0.19}, "000001000000000000_LOW": {"UP": 0.0, "DOWN": 0.0, "LEFT": 0.0, "RIGHT": -0.19, "STAY": 0.0}, "010101000001000000_LOW": {"UP": -0.19, "DOWN": 0.0, "LEFT": -0.1, "RIGHT": -0.1, "STAY": -0.19}, "010101000100000000_LOW": {"UP": -0.19, "DOWN": -0.19, "LEFT": -0.1, "RIGHT": -0.1, "STAY": -0.1}, "000100000000000000_LOW": {"UP": -0.1, "DOWN": -0.10900000000000001, "LEFT": -0.1, "RIGHT": -0.1, "STAY": 0.0}, "110101010101000001_LOW": {"UP": -0.1, "DOWN": 0.0, "LEFT": 0.0, "RIGHT": -0.1, "STAY": 0.0}, "010101010101000100_LOW": {"UP": 0.0, "DOWN": -0.1, "LEFT": 0.0, "RIGHT": -0.1, "STAY": -0.1}, "010101010101010101_LOW": {"UP": -0.1, "DOWN": -0.271, "LEFT": -0.1, "RIGHT": 0.0, "STAY": -0.1}, "000001000101010101_LOW": {"UP": -0.1, "DOWN": 0.0, "LEFT": 0.0, "RIGHT": -0.19, "STAY": 0.0}, "000101010101010101_LOW": {"UP": -0.1, "DOWN": 0.0, "LEFT": 0.0, "RIGHT": 0.0, "STAY": 0.0}, "000100010101010101_LOW": {"UP": -0.1, "DOWN": -0.1, "LEFT": 0.0, "RIGHT": 0.0, "STAY": 0.0}, "010101010101010101_CRIT": {"UP": -0.19, "DOWN": 0.0, "LEFT": -0.1, "RIGHT": 0.0, "STAY": 0.0}, "000101010101010101_CRIT": {"UP": 0.0, "DOWN": 0.0, "LEFT": 0.0, "RIGHT": -0.1, "STAY": 0.0}, "000000000000000000_CRIT": {"UP": -0.5765531419000001, "DOWN": -0.5515039, "LEFT": -0.5961632410000001, "RIGHT": -0.8977688841232, "STAY": -0.7303120139800001}, "000000000000000010_CRIT": {"UP": -10.0, "DOWN": 0.0, "LEFT": 0.0, "RIGHT": 0.0, "STAY": 0.0}, "DEATH": {"UP": 0.0, "DOWN": 0.0, "LEFT": 0.0, "RIGHT": 0.0, "STAY": 0.0}}