{"BLIND": {"UP": -10.901419212736585, "DOWN": -1.0960075992489762, "LEFT": -1.0000000000677793, "RIGHT": -1.0000000000000124, "STAY": -1.0000034980742771}, "DEATH": {"UP": 0.0, "DOWN": 0.0, "LEFT": 0.0, "RIGHT": 0.0, "STAY": 0.0}}